{"cameraMode":{"drawMode":0,"name":"Shaded","section":"Shading Mode"},"sceneLighting":true,"audioPlay":false,"sceneViewState":{"showFog":false,"showMaterialUpdate":false,"showSkybox":false,"showFlares":false,"showImageEffects":false,"showParticleSystems":true},"in2DMode":false,"pivot":{"x":-4.8362908363342289,"y":6.923826217651367,"z":21.95479965209961},"rotation":{"x":0.43987712264060976,"y":-0.0685855820775032,"z":0.03371625766158104,"w":0.8948001861572266},"size":38.458702087402347,"orthographic":false}